{
    "experiment_id": "20251126_dia_006_full_dataset",
    "description": "Full dataset training with 88k samples (73k prompted) using dia_003 architecture",
    
    "data": {
      "preencoded_dir": "/home/ocamp/dia-finetuning-stereo",
      "config": "./configs/architecture/experiments/20251126_dia_006_musicgen_delay_larger_dataset_model.json"
    },
    
    "training": {
      "batch_size": 4,
      "grad_accum_steps": 4,
      "epochs": 10000,
      "learning_rate": 1e-4,
      "warmup_steps": 0,
      "unconditional_frac": 0.5
    },
    
    "output": {
      "output_dir": "/nfs/turbo/smtd-hwdong/ocamp/experiments/dia_006_full_dataset",
      "run_name": "dia_006_full_dataset",
      "save_every": 300
    },
    
    "eval": {
      "eval_every_epochs": 10,
      "demo_every_epochs": 100
    },
    
    "flags": {
      "scratch": true,
      "tag_no_shuffle": false,
      "use_sliding_window": true
    }
  }

