{
  "experiment_id": "20251126_dia_tpu_001_init",
  
  "data": {
    "config": "configs/architecture/experiments/20251126_dia_tpu_001_init_model.json"
  },
  
  "training": {
    "batch_size": 4,
    "grad_accum_steps": 1,
    "epochs": 100,
    "learning_rate": 1e-5,
    "warmup_steps": 100,
    "unconditional_frac": 1.0
  },
  
    "output": {
      "output_dir": "/home/olivercamp/dia_data_mount/checkpoints/20251126_dia_tpu_001_init",
      "run_name": "20251126_dia_tpu_001_init",
    "save_every": 500
  },
  
  "eval": {
    "eval_every_epochs": 1,
    "demo_every_epochs": 1
  },
  
  "flags": {
    "scratch": false,
    "tag_no_shuffle": true,
    "use_sliding_window": true
  }
}

