{
    "experiment_id": "20251126_dia_007_bottleneck_fix",
    "description": "Ablation A: Fixing attention bottleneck (head_dim 64->128) in decoder relative to dia_006",
    
    "data": {
      "preencoded_dir": "/home/ocamp/dia-finetuning-stereo",
      "config": "./configs/architecture/experiments/20251126_dia_007_bottleneck_fix_006ablationA_model.json"
    },
    
    "training": {
      "batch_size": 32,
      "grad_accum_steps": 2,
      "epochs": 100,
      "learning_rate": 2e-4,
      "warmup_steps": 500,
      "unconditional_frac": 0.2
    },
    
    "output": {
      "output_dir": "/nfs/turbo/smtd-hwdong/ocamp/experiments/dia_007_bottleneck_fix",
      "run_name": "dia_007_bottleneck_fix",
      "save_every": 2000
    },
    
    "eval": {
      "eval_step": 200,
      "demo_every": 400
    },
    
    "flags": {
      "scratch": true,
      "tag_no_shuffle": false,
      "use_sliding_window": true
    }
  }

