{
    "experiment_id": "20251125_delay_ablation_old",
    "description": "Ablation study: OLD delay pattern (0,8,9,10...) vs new MusicGen pattern",
    
    "data": {
      "audio_folder": "./1sampledata/test1/audio",
      "config": "./configs/architecture/experiments/20251125_delay_ablation_model.json"
    },
    
    "training": {
      "batch_size": 4,
      "grad_accum_steps": 4,
      "epochs": 2000,
      "learning_rate": 1e-4,
      "warmup_steps": 0,
      "unconditional_frac": 0.5
    },
    
    "output": {
      "output_dir": "/nfs/turbo/smtd-hwdong/ocamp/DONT_DELETE/delay_ablation_old",
      "run_name": "delay_ablation_old_pattern",
      "save_every": 300
    },
    
    "eval": {
      "eval_every_epochs": 10,
      "demo_every_epochs": 100
    },
    
    "flags": {
      "scratch": true,
      "tag_no_shuffle": false,
      "use_sliding_window": true
    }
  }

